id;codigo;fecha_reserva;estado
1;digitize inasmuch about;2026-09-23T04:19:11;aw gosh from
2;serpentine against;2026-09-22T22:08:04;unbearably
3;beneath;2026-09-23T15:39:53;gum immediately parody
4;tighten;2026-09-23T03:15:35;furthermore furthermore neglect
5;anenst;2026-09-23T05:19:40;pulp so
6;even;2026-09-23T16:27:12;blah troubled traditionalism
7;repeat gee;2026-09-23T00:43:43;by undergo mainstream
8;which;2026-09-22T23:55:48;extract
9;painfully smart;2026-09-22T23:32:20;artistic
10;upbeat shakily unethically;2026-09-23T13:31:27;granny beyond um
