id;numero_vuelo;origen;destino;fecha_salida;fecha_llegada
1;carp how;diver unto expense;whoever;2026-09-23T01:48:21;2026-09-23T12:10:16
2;ultimately information;indeed golden other;via around;2026-09-23T16:22:54;2026-09-22T22:57:33
3;ack;fiercely solicit;valiantly justly instead;2026-09-23T15:49:14;2026-09-23T16:36:42
4;schnitzel oof quarrelsomely;pivot blah;alongside;2026-09-22T20:04:22;2026-09-23T00:01:35
5;loyally however;squirm now than;brr tough;2026-09-22T19:59:01;2026-09-23T02:47:21
6;yet gadzooks;hunger;gah;2026-09-22T23:04:35;2026-09-23T13:52:26
7;earth above forenenst;pure;irresponsible countess;2026-09-23T00:18:35;2026-09-23T16:20:15
8;sternly frantically;in to ah;masculinize mmm;2026-09-23T04:40:05;2026-09-23T08:27:19
9;flowery;times;trustworthy across circle;2026-09-23T18:29:48;2026-09-23T06:18:19
10;brightly fooey but;meh faithfully able;outbid;2026-09-23T05:26:30;2026-09-23T06:55:31
